area, url, browserDetection, cssprefixes, edge, jslibs, pluginfree
USA, http://mail.google.com, 1, 1, 0, 1, 1
USA, http://bing.com, 0, 1, 0, 1, 1
USA, http://baidu.com, 1, 1, 0, 1, 1
USA, http://biglobe.ne.jp, 1, 1, 0, 1, 1
USA, http://montiera.com, 1, 1, 0, 1, 1
USA, http://taleo.net, 1, 1, 0, 1, 1
USA, http://siteencore.com, 1, 1, 0, 1, 1
USA, http://filejo.com, 1, 1, 0, 1, 1
USA, http://bb.com.br, 1, 1, 0, 1, 1
USA, http://bancobrasil.com.br, 1, 1, 0, 1, 1
USA, http://wedisk.co.kr, 1, 1, 0, 1, 1
USA, http://lotteimall.com, 1, 1, 0, 1, 1
USA, http://peta.ameba.jp, 1, 1, 0, 1, 1
USA, http://post.japanpost.jp, 1, 1, 0, 1, 1
USA, http://oryte.com, 1, 1, 0, 1, 1
USA, http://filenori.com, 1, 1, 0, 1, 1
USA, http://work.go.kr, 0, 1, 1, 1, 1
USA, http://portal.cyberjapan.jp, 0, 1, 1, 1, 1
USA, http://bigfile.co.kr, 1, 1, 0, 1, 1
USA, http://youradexchange.com, 1, 1, 0, 1, 1
USA, http://kinghost.com, 1, 1, 0, 1, 1
USA, http://kbs.co.kr, 1, 1, 0, 1, 1
USA, http://file24.co.kr, 1, 1, 0, 1, 1
USA, http://minwon.go.kr, 0, 1, 0, 1, 1
USA, http://rantlifestyle.com, 0, 1, 0, 1, 1
USA, http://cn.bing.com, 0, 1, 0, 1, 1
USA, http://helpertrack.com, 1, 1, 1, 1, 1
USA, http://signin.ebay.de, 1, 1, 0, 1, 1
USA, http://11st.co.kr, 0, 1, 0, 1, 1
USA, http://cmsite.co.jp, 1, 1, 0, 1, 1
USA, http://webmail1c.orange.fr, 1, 1, 0, 1, 1
USA, http://webmail1f.orange.fr, 1, 1, 0, 1, 1
USA, http://theprimead.co.kr, 1, 1, 0, 1, 1
USA, http://webmail1m.orange.fr, 1, 1, 0, 1, 1
USA, http://webmail1j.orange.fr, 1, 1, 0, 1, 1
USA, http://nanos.jp, 1, 1, 0, 1, 1
USA, http://imgsrc.ru, 1, 1, 0, 1, 1
USA, http://literotica.com, 0, 1, 0, 1, 1
USA, http://webmail1d.orange.fr, 1, 1, 0, 1, 1
USA, http://webmail1e.orange.fr, 1, 1, 0, 1, 1
USA, http://kmcert.com, 1, 1, 0, 1, 1
USA, http://yesfile.com, 1, 1, 0, 1, 1
USA, http://webmail22.orange.fr, 1, 1, 0, 1, 1
USA, http://cjmall.com, 1, 1, 0, 1, 1
USA, http://webmail1g.orange.fr, 1, 1, 0, 1, 1
USA, http://webmail1h.orange.fr, 1, 1, 0, 1, 1
USA, http://webmail1p.orange.fr, 1, 1, 0, 1, 1
USA, http://bbc.co.uk, 1, 1, 1, 1, 1
USA, http://zozo.jp, 0, 0, 1, 1, 1
USA, http://certified-apps.com, 0, 0, 1, 1, 1
USA, http://money.msn.com.cn, 1, 1, 1, 1, 1
USA, http://infospace.com, 1, 0, 1, 1, 1
USA, http://ameblo.jp, 1, 1, 1, 1, 1
USA, http://jra.jp, 0, 0, 1, 0, 1
USA, http://toolbar.aol.com, 1, 1, 0, 1, 1
USA, http://friv.com, 1, 0, 0, 1, 1
USA, http://t.co, 1, 0, 1, 1, 1
USA, http://jmp9.com, 1, 1, 1, 1, 1
USA, http://interpark.com, 1, 1, 0, 1, 1
USA, http://jeu.info, 0, 1, 1, 1, 1
USA, http://ent.msn.com.cn, 0, 1, 1, 1, 1
USA, http://starfall.com, 1, 1, 1, 1, 1
USA, http://gnavi.co.jp, 0, 0, 1, 1, 1
USA, http://what-character-are-you.com, 0, 1, 1, 1, 1
USA, http://argos.co.uk, 0, 1, 1, 1, 1
USA, http://gayromeo.com, 1, 1, 1, 1, 1
USA, http://gsshop.com, 1, 1, 0, 1, 1
USA, http://gmarket.co.kr, 1, 1, 0, 1, 1
USA, http://ebs.co.kr, 0, 1, 0, 0, 1
USA, http://afreeca.com, 0, 0, 0, 1, 1
USA, http://seiga.nicovideo.jp, 0, 0, 1, 1, 1
USA, http://bitecharge.com, 0, 0, 1, 1, 1
USA, http://onclickads.net, 1, 1, 1, 1, 1
USA, http://mrga.service-navi.jp, 1, 0, 1, 0, 1
USA, http://planetromeo.com, 1, 1, 1, 1, 1
USA, http://vistaprint.com, 0, 1, 0, 1, 1
USA, http://2ch.net, 1, 1, 1, 1, 1
USA, http://certified-toolbar.com, 1, 1, 1, 0, 1
USA, http://microsofttranslator.com, 0, 1, 0, 1, 1
USA, http://potora.jp, 0, 0, 1, 0, 1
USA, http://directrev.com, 0, 0, 1, 0, 1
USA, http://instructure.com, 0, 0, 1, 0, 1
USA, http://fashion.msn.com.cn, 1, 0, 1, 1, 1
USA, http://toshibaplaces.jp, 0, 0, 1, 1, 1
USA, http://blog.livedoor.jp, 1, 1, 1, 0, 1
USA, http://tdisk.co.kr, 1, 1, 0, 0, 1
USA, http://momoshop.com.tw, 1, 1, 0, 1, 1
USA, http://linkeyproject.com, 1, 0, 1, 1, 1
USA, http://docs.google.com, 1, 1, 0, 1, 1
USA, http://mijn.ing.nl, 1, 1, 0, 1, 1
USA, http://drive.google.com, 1, 1, 1, 1, 1
USA, http://onedrive.live.com, 1, 1, 0, 1, 1
USA, http://novinky.cz, 0, 0, 1, 1, 1
USA, http://blog.ameba.jp, 1, 1, 1, 1, 1
USA, http://vegadisk.com, 0, 0, 1, 1, 1
USA, http://dropbooks.tv, 1, 0, 1, 1, 1
USA, http://cityheaven.net, 0, 0, 1, 1, 1
USA, http://eroprofile.com, 1, 0, 1, 0, 1
USA, http://bk.mufg.jp, 0, 0, 1, 0, 1
USA, http://fabswingers.com, 1, 0, 1, 1, 1
USA, http://default-search.net, 1, 1, 1, 1, 1
USA, http://profile.live.com, 1, 1, 0, 1, 1
USA, http://search.jword.jp, 1, 1, 0, 1, 1
USA, http://hiroba.dqx.jp, 0, 0, 1, 0, 1
USA, http://golfdigest.co.jp, 0, 0, 1, 1, 1
USA, http://milliyet.com.tr, 0, 0, 1, 1, 1
USA, http://fazenda.gov.br, 0, 0, 1, 0, 1
USA, http://comicvip.com, 0, 1, 0, 1, 1
USA, http://inicis.com, 0, 0, 0, 1, 1
USA, http://swagbucks.com, 0, 1, 1, 1, 1
USA, http://pmang.com, 0, 1, 0, 0, 0
USA, http://blogmura.com, 0, 0, 1, 1, 1
USA, http://jal.co.jp, 0, 0, 1, 1, 1
USA, http://search.aol.com, 0, 1, 1, 1, 1
USA, http://mathxl.com, 1, 1, 1, 1, 1
USA, http://pandora.com, 1, 0, 1, 1, 1
USA, http://carview.co.jp, 1, 0, 1, 1, 1
USA, http://neopets.com, 1, 0, 0, 1, 1
USA, http://pchome.com.tw, 0, 0, 0, 1, 1
USA, http://donga.com, 1, 0, 0, 1, 1
USA, http://wow.com, 0, 1, 1, 1, 1
USA, http://indeed.com, 1, 1, 0, 1, 1
USA, http://weibo.com, 1, 1, 1, 1, 1
USA, http://omiga-plus.com, 0, 0, 1, 1, 1
USA, http://clkmon.com, 1, 1, 1, 1, 1
USA, http://weathernews.jp, 0, 1, 0, 0, 1
USA, http://click-sec.com, 1, 1, 1, 1, 1
USA, http://dell.com, 0, 0, 1, 0, 1
USA, http://mixi.jp, 1, 1, 0, 1, 1
USA, http://fc2.com, 0, 0, 1, 0, 1
USA, http://vk.com, 0, 1, 0, 1, 1
USA, http://royalbank.com, 1, 0, 1, 1, 1
USA, http://trovi.com, 1, 0, 1, 1, 1
USA, http://y001.sengokuixa.jp, 1, 1, 1, 0, 1
USA, http://prcm.jp, 1, 1, 1, 1, 1
USA, http://inclk.com, 1, 1, 1, 1, 1
USA, http://tankionline.com, 1, 1, 1, 1, 1
USA, http://search.seznam.cz, 0, 1, 1, 1, 1
USA, http://drudgereport.com, 1, 1, 0, 1, 1
USA, http://mywebsearch.com, 0, 1, 1, 1, 1
USA, http://scotiabank.com, 1, 1, 0, 0, 1
USA, http://doublepimp.com, 1, 0, 1, 1, 1
USA, http://salonboard.com, 1, 0, 1, 1, 1
USA, http://verizon.com, 1, 0, 0, 1, 1
USA, http://nexon.com, 1, 1, 1, 1, 1
USA, http://logmein.com, 0, 0, 1, 1, 1
USA, http://qvc.jp, 0, 1, 1, 0, 1
USA, http://adam4adam.com, 1, 0, 1, 1, 1
USA, http://cox.net, 1, 0, 1, 1, 1
USA, http://v9.com, 0, 1, 1, 1, 1
USA, http://barnesandnoble.com, 0, 1, 0, 1, 1
USA, http://battlefield.com, 1, 1, 0, 1, 1
USA, http://www2.leboncoin.fr, 0, 1, 1, 1, 1
USA, http://sweet-page.com, 0, 1, 1, 1, 1
USA, http://officeally.com, 0, 0, 1, 1, 1
USA, http://syosetu.org, 1, 1, 1, 1, 1
USA, http://subito.it, 1, 1, 1, 1, 1
USA, http://orange.fr, 1, 0, 1, 1, 1
USA, http://mapy.cz, 0, 1, 1, 1, 1
USA, http://himado.in, 1, 0, 1, 1, 1
USA, http://nosv.org, 1, 1, 1, 0, 1
USA, http://ancestry.com, 1, 0, 1, 1, 1
USA, http://point-ex.jp, 1, 0, 1, 1, 1
USA, http://infomart.co.jp, 1, 0, 1, 1, 1
USA, http://toyota.jp, 1, 1, 1, 0, 1
USA, http://ancestry.co.uk, 1, 0, 1, 1, 1
USA, http://mail.sapo.pt, 1, 1, 1, 1, 1
USA, http://wooribank.com, 1, 0, 0, 1, 1
USA, http://rambler.ru, 0, 1, 1, 1, 1
USA, http://sakura.ne.jp, 0, 0, 1, 0, 1
USA, http://plala.or.jp, 0, 0, 1, 0, 1
USA, http://nos.nl, 1, 1, 1, 0, 1
USA, http://pokec.azet.sk, 1, 0, 0, 1, 1
USA, http://bobaedream.co.kr, 1, 1, 0, 1, 1
USA, http://ask.com, 0, 1, 0, 1, 1
USA, http://say-move.org, 1, 0, 1, 1, 1
USA, http://fmworld.net, 1, 0, 1, 1, 1
USA, http://sogou.com, 0, 1, 1, 1, 1
USA, http://login.live.com, 1, 1, 1, 1, 1
USA, http://gazetevatan.com, 0, 1, 1, 1, 1
USA, http://shopch.jp, 0, 0, 1, 0, 1
USA, http://matome.naver.jp, 1, 1, 1, 1, 1
USA, http://milanuncios.com, 1, 1, 1, 1, 1
USA, http://meb.gov.tr, 0, 0, 1, 1, 1
USA, http://alipay.com, 1, 0, 0, 1, 1
USA, http://dmm.co.jp, 0, 0, 1, 1, 1
USA, http://mail.live.com, 1, 1, 1, 1, 1
USA, http://instagram.com, 0, 1, 1, 1, 1
USA, http://findagrave.com, 0, 1, 0, 0, 1
USA, http://silverdaddies.com, 1, 1, 0, 1, 1
USA, http://rakuten-card.co.jp, 1, 0, 1, 0, 1
USA, http://g.tsite.jp, 0, 0, 1, 0, 1
USA, http://legacy.com, 1, 1, 1, 1, 1
USA, http://usbank.com, 0, 1, 1, 1, 1
USA, http://cars.com, 1, 1, 1, 1, 1
USA, http://zone.msn.com, 0, 1, 0, 1, 1
USA, http://webssearches.com, 0, 1, 1, 1, 1
USA, http://adobe.com, 1, 1, 1, 0, 1
USA, http://apple.com, 0, 1, 0, 1, 1
USA, http://equideow.com, 0, 1, 1, 1, 1
USA, http://bet365.com, 1, 1, 0, 1, 1
USA, http://pbskids.org, 1, 0, 0, 1, 1
USA, http://meetme.com, 1, 0, 1, 1, 1
USA, http://cyworld.com, 0, 1, 1, 1, 1
USA, http://criteo.com, 0, 0, 1, 1, 1
USA, http://pigg.ameba.jp, 0, 1, 1, 1, 1
USA, http://yw.b-boys.jp, 0, 0, 1, 1, 1
USA, http://next.co.uk, 1, 1, 0, 1, 1
USA, http://1688.com, 1, 1, 1, 0, 1
USA, http://exoclick.com, 1, 0, 1, 1, 1
USA, http://fotostrana.ru, 1, 0, 1, 0, 1
USA, http://lumosity.com, 0, 1, 1, 1, 1
USA, http://quotev.com, 0, 1, 1, 1, 1
USA, http://bom.gov.au, 0, 1, 1, 1, 1
USA, http://kijiji.ca, 1, 1, 1, 1, 1
USA, http://syosetu.com, 1, 0, 0, 1, 1
USA, http://nicovideo.jp, 1, 0, 0, 0, 1
USA, http://pixiv.net, 0, 0, 1, 1, 1
USA, http://akaqa.com, 1, 1, 1, 0, 1
USA, http://ehow.com, 0, 1, 1, 0, 1
USA, http://java.com, 0, 0, 0, 1, 1
USA, http://email.seznam.cz, 1, 1, 1, 1, 1
USA, http://ana.co.jp, 0, 0, 0, 1, 1
USA, http://inbox.com, 0, 1, 1, 1, 1
USA, http://westpac.com.au, 0, 1, 1, 1, 1
USA, http://rajce.idnes.cz, 1, 1, 1, 1, 1
USA, http://yellowpages.com, 0, 1, 1, 1, 1
USA, http://careerbuilder.com, 0, 1, 1, 1, 1
USA, http://4shared.com, 0, 0, 1, 0, 1
USA, http://kabu.co.jp, 0, 1, 0, 1, 1
USA, http://mail.rambler.ru, 0, 1, 1, 1, 1
USA, http://maps.yandex.ru, 0, 1, 1, 1, 1
USA, http://fetlife.com, 1, 1, 1, 1, 1
USA, http://netflix.com, 1, 1, 1, 1, 1
USA, http://worldwinner.com, 1, 1, 1, 1, 1
USA, http://minecraft.net, 1, 1, 1, 1, 1
USA, http://mail.qq.com, 1, 1, 1, 1, 1
USA, http://mypage.ameba.jp, 1, 1, 1, 1, 1
USA, http://xnxx.com, 1, 1, 1, 1, 1
USA, http://126.com, 1, 0, 1, 1, 1
USA, http://autotrader.co.uk, 1, 1, 1, 1, 1
USA, http://blocket.se, 1, 1, 1, 1, 1
USA, http://rightmove.co.uk, 0, 1, 1, 1, 1
USA, http://lloydsbank.co.uk, 1, 1, 1, 1, 1
USA, http://sukebei.nyaa.se, 1, 1, 1, 1, 1
USA, http://lenovo.com, 0, 1, 1, 0, 1
USA, http://zillow.com, 1, 1, 1, 1, 1
USA, http://mangahere.co, 0, 1, 1, 1, 1
USA, http://dmm.com, 0, 1, 1, 1, 1
USA, http://so-net.ne.jp, 0, 0, 1, 0, 1
USA, http://wikipedia.org, 1, 1, 1, 1, 1
USA, http://poczta.onet.pl, 1, 1, 1, 1, 1
USA, http://vimeo.com, 1, 1, 1, 1, 1
USA, http://craigslist.org, 1, 1, 1, 1, 1
USA, http://navyfederal.org, 0, 1, 1, 1, 1
USA, http://walgreens.com, 1, 1, 0, 1, 1
USA, http://monster.com, 1, 1, 0, 1, 1
USA, http://mail.aol.com, 1, 1, 1, 1, 1
USA, http://soundcloud.com, 0, 1, 1, 1, 1
USA, http://mcafee.com, 0, 0, 0, 0, 1
USA, http://ups.com, 1, 0, 0, 1, 1
USA, http://dinos.co.jp, 0, 0, 1, 0, 1
USA, http://wikiwiki.jp, 1, 0, 1, 1, 1
USA, http://mercadolibre.com.mx, 0, 1, 1, 1, 1
USA, http://image.baidu.com, 1, 1, 1, 1, 1
USA, http://sfr.fr, 0, 0, 1, 0, 1
USA, http://suchen.mobile.de, 0, 1, 1, 1, 1
USA, http://go.mail.ru, 0, 1, 1, 1, 1
USA, http://mangafox.me, 0, 1, 1, 1, 1
USA, http://photobucket.com, 1, 1, 1, 1, 1
USA, http://kakaku.com, 0, 1, 1, 0, 1
USA, http://suumo.jp, 0, 1, 0, 0, 1
USA, http://warau.jp, 1, 1, 1, 1, 1
USA, http://td.com, 0, 0, 1, 1, 1
USA, http://realestate.com.au, 0, 1, 1, 1, 1
USA, http://orange.co.uk, 0, 1, 1, 1, 1
USA, http://royalgames.com, 1, 0, 1, 1, 1
USA, http://hm.com, 0, 1, 0, 1, 1
USA, http://iminent.com, 0, 1, 1, 1, 1
USA, http://outbrain.com, 1, 1, 1, 1, 1
USA, http://baike.baidu.com, 1, 1, 1, 1, 1
USA, http://comcast.net, 0, 1, 1, 1, 1
USA, http://skype.com, 0, 1, 1, 1, 1
USA, http://cnn.com, 0, 1, 1, 1, 1
USA, http://gunbroker.com, 1, 1, 1, 1, 1
USA, http://hotpepper.jp, 1, 1, 1, 1, 1
USA, http://vrbo.com, 1, 1, 1, 1, 1
USA, http://my.ebay.de, 1, 1, 1, 1, 1
USA, http://dic.nicovideo.jp, 0, 1, 1, 1, 1
USA, http://pex.jp, 0, 0, 1, 1, 1
USA, http://zulily.com, 1, 0, 1, 1, 1
USA, http://tokyodisneyresort.jp, 0, 1, 1, 1, 1
USA, http://asda.com, 1, 1, 1, 1, 1
USA, http://stardoll.com, 1, 1, 1, 1, 1
USA, http://avg.com, 1, 1, 1, 1, 1
USA, http://twitch.tv, 1, 0, 1, 0, 1
USA, http://direct.gov.uk, 0, 1, 1, 1, 1
USA, http://sprint.com, 0, 1, 1, 1, 1
USA, http://aa.com, 1, 0, 1, 1, 1
USA, http://poczta.wp.pl, 0, 1, 0, 1, 1
USA, http://email.t-online.de, 1, 1, 1, 1, 1
USA, http://mercadolivre.com.br, 0, 1, 1, 1, 1
USA, http://mercadolibre.com.ar, 0, 1, 1, 1, 1
USA, http://bellemaison.jp, 1, 1, 1, 1, 1
USA, http://v.qq.com, 0, 1, 1, 1, 1
USA, http://asos.com, 0, 1, 0, 1, 1
USA, http://nikkansports.com, 1, 1, 1, 1, 1
USA, http://fanyi.baidu.com, 0, 1, 1, 1, 1
USA, http://trulia.com, 0, 1, 1, 1, 1
USA, http://jcpenney.com, 0, 1, 1, 1, 1
USA, http://mobile01.com, 0, 1, 1, 1, 1
USA, http://seek.com.au, 1, 1, 1, 1, 1
USA, http://suntory.co.jp, 0, 1, 1, 1, 0
USA, http://dreammail.jp, 1, 0, 1, 1, 1
USA, http://lego.com, 1, 1, 1, 1, 1
USA, http://ticketmonster.co.kr, 0, 0, 0, 1, 1
USA, http://marktplaats.nl, 1, 0, 1, 1, 1
USA, http://go.com, 0, 1, 1, 1, 1
USA, http://ero-video.net, 0, 1, 1, 1, 1
USA, http://letskorail.com, 0, 1, 1, 1, 1
USA, http://adultfriendfinder.com, 0, 1, 1, 1, 1
USA, http://mainichi.jp, 1, 1, 1, 1, 0
USA, http://ilbe.com, 1, 0, 0, 1, 1
USA, http://goo.ne.jp, 0, 1, 1, 1, 1
USA, http://wikia.com, 0, 1, 1, 1, 1
USA, http://pagesjaunes.fr, 0, 1, 1, 1, 1
USA, http://ecnavi.jp, 0, 0, 1, 1, 1
USA, http://hilton.com, 1, 1, 1, 1, 1
USA, http://funda.nl, 1, 1, 1, 1, 1
USA, http://forgeofempires.com, 1, 1, 1, 1, 1
USA, http://hotels.com, 0, 1, 1, 1, 1
USA, http://grepolis.com, 1, 1, 1, 1, 1
USA, http://tmall.com, 1, 1, 1, 1, 1
USA, http://bankofamerica.com, 1, 1, 0, 1, 1
USA, http://pointclickcare.com, 1, 0, 1, 1, 1
USA, http://myfitnesspal.com, 0, 1, 1, 1, 1
USA, http://beauty.hotpepper.jp, 1, 1, 1, 1, 1
USA, http://zara.com, 0, 1, 1, 1, 1
USA, http://2ememain.be, 0, 1, 1, 1, 1
USA, http://y8.com, 0, 1, 0, 1, 1
USA, http://2dehands.be, 0, 1, 1, 1, 1
USA, http://kbb.com, 0, 1, 1, 1, 1
USA, http://sat.gob.mx, 0, 0, 1, 0, 1
USA, http://asus.com, 1, 0, 1, 1, 1
USA, http://toshiba.com, 0, 0, 1, 1, 1
USA, http://cafe24.com, 0, 1, 1, 1, 1
USA, http://cosme.net, 1, 1, 1, 1, 1
USA, http://match.com, 0, 1, 1, 0, 1
USA, http://tribalwars.com.pt, 1, 1, 1, 1, 1
USA, http://klanlar.org, 1, 1, 1, 1, 1
USA, http://screenname.aol.com, 1, 1, 1, 1, 1
USA, http://hulu.com, 0, 1, 1, 1, 1
USA, http://sahibinden.com, 1, 1, 1, 1, 1
USA, http://tesco.com, 0, 0, 0, 1, 1
USA, http://pointtown.com, 0, 0, 1, 1, 1
USA, http://anz.com, 0, 1, 1, 0, 1
USA, http://samsung.com, 0, 1, 1, 1, 1
USA, http://seznam.cz, 0, 1, 1, 1, 1
USA, http://creditmutuel.fr, 1, 1, 0, 1, 1
USA, http://msdn.microsoft.com, 1, 1, 1, 1, 1
USA, http://cookpad.com, 0, 0, 1, 1, 1
USA, http://imdb.com, 0, 0, 1, 1, 1
USA, http://dm5.com, 0, 0, 1, 1, 1
USA, http://tabelog.com, 0, 0, 1, 1, 1
USA, http://ruten.com.tw, 1, 1, 0, 1, 1
USA, http://verizonwireless.com, 0, 0, 0, 1, 0
USA, http://2345.com, 0, 1, 0, 1, 1
USA, http://united.com, 0, 1, 1, 0, 1
USA, http://livescore.com, 1, 1, 1, 1, 1
USA, http://laredoute.fr, 0, 0, 0, 1, 1
USA, http://tenki.jp, 0, 0, 1, 1, 1
USA, http://rakuten-sec.co.jp, 0, 1, 1, 1, 1
USA, http://shutterfly.com, 0, 1, 1, 1, 1
USA, http://tnaflix.com, 0, 1, 0, 1, 1
USA, http://barclays.co.uk, 1, 1, 1, 1, 1
USA, http://forever21.com, 0, 1, 0, 0, 1
USA, http://backpage.com, 1, 1, 1, 1, 1
USA, http://beta.realtor.ca, 0, 1, 1, 1, 1
USA, http://carsensor.net, 0, 0, 1, 0, 1
USA, http://imagefap.com, 0, 0, 0, 0, 1
USA, http://agoda.com, 1, 1, 0, 1, 1
USA, http://gumtree.com, 1, 1, 0, 1, 1
USA, http://allstate.com, 0, 1, 1, 1, 1
USA, http://weheartit.com, 0, 0, 1, 1, 1
USA, http://uniqlo.com, 1, 1, 1, 1, 1
USA, http://hsbc.co.uk, 0, 1, 0, 1, 1
USA, http://salesforce.com, 0, 1, 1, 1, 1
USA, http://microsoft.com, 0, 1, 0, 1, 1
USA, http://go.microsoft.com, 0, 1, 0, 1, 1
USA, http://lespac.com, 1, 1, 1, 1, 1
USA, http://etrade.com, 1, 1, 1, 1, 1
USA, http://chosun.com, 0, 1, 0, 1, 1
USA, http://wav.tv, 1, 1, 1, 1, 1
USA, http://moneta.co.kr, 0, 1, 0, 0, 1
USA, http://mundopositivo.com.br, 0, 1, 1, 0, 1
USA, http://arcor.de, 0, 1, 1, 1, 1
USA, http://tripadvisor.co.uk, 0, 0, 1, 1, 1
USA, http://laposte.net, 1, 1, 1, 1, 1
USA, http://eyny.com, 1, 1, 1, 1, 1
USA, http://gendama.jp, 0, 0, 1, 0, 1
USA, http://iqiyi.com, 1, 1, 0, 0, 1
USA, http://marriott.com, 0, 1, 1, 1, 1
USA, http://creatives.livejasmin.com, 1, 1, 1, 1, 1
USA, http://cbssports.com, 0, 0, 1, 0, 1
USA, http://weather.com, 1, 1, 1, 1, 1
USA, http://hurriyet.com.tr, 0, 1, 0, 1, 1
USA, http://qvc.com, 1, 1, 0, 1, 1
USA, http://nk.pl, 0, 1, 1, 1, 1
USA, http://ebay.fr, 0, 1, 1, 1, 1
USA, http://nordstrom.com, 1, 1, 1, 1, 1
USA, http://wp.pl, 0, 1, 0, 1, 1
USA, http://club-t.com, 0, 1, 1, 1, 1
USA, http://goo-net.com, 1, 1, 1, 1, 1
USA, http://ebay.it, 0, 1, 1, 0, 1
USA, http://mapquest.com, 0, 0, 0, 1, 1
USA, http://lowes.com, 0, 1, 1, 0, 1
USA, http://tripadvisor.com, 0, 0, 1, 1, 1
USA, http://immobilienscout24.de, 1, 0, 1, 1, 1
USA, http://people.com, 0, 1, 0, 1, 1
USA, http://alibaba.com, 1, 0, 1, 1, 1
USA, http://twc.com, 0, 1, 0, 0, 1
USA, http://abcmouse.com, 0, 1, 1, 1, 1
USA, http://garmin.com, 0, 0, 0, 1, 1
USA, http://newsnow.co.uk, 0, 0, 1, 0, 1
USA, http://facebook.com, 1, 1, 0, 1, 1
USA, http://chaturbate.com, 0, 1, 1, 1, 1
USA, http://dba.dk, 1, 1, 1, 0, 1
USA, http://tple.co.kr, 1, 1, 0, 1, 1
USA, http://ebay.com, 0, 1, 1, 1, 1
USA, http://bbc.com, 1, 1, 1, 1, 1
USA, http://answers.com, 1, 1, 1, 1, 1
USA, http://ebay.co.uk, 0, 1, 1, 0, 1
USA, http://ebay.com.au, 0, 1, 1, 0, 1
USA, http://nfl.com, 0, 1, 1, 1, 1
USA, http://imgur.com, 0, 0, 1, 1, 1
USA, http://new.livejasmin.com, 1, 1, 1, 0, 1
USA, http://hsn.com, 0, 1, 1, 0, 1
USA, http://dropbox.com, 1, 1, 1, 1, 1
USA, http://force.com, 0, 1, 1, 1, 1
USA, http://ebay.de, 0, 1, 1, 0, 1
USA, http://4399.com, 0, 1, 0, 0, 1
USA, http://nytimes.com, 1, 0, 1, 0, 1
USA, http://trademe.co.nz, 0, 1, 1, 1, 1
USA, http://aol.com, 0, 1, 1, 1, 1
USA, http://realtor.com, 0, 1, 0, 0, 1
USA, http://jw.org, 1, 1, 1, 1, 1
USA, http://bleacherreport.com, 0, 1, 0, 1, 1
USA, http://candidat.pole-emploi.fr, 1, 1, 1, 1, 1
USA, http://excite.co.jp, 0, 0, 1, 0, 1
USA, http://zhidao.baidu.com, 0, 1, 0, 1, 1
USA, http://haberturk.com, 0, 0, 1, 1, 1
USA, http://infoseek.co.jp, 0, 0, 1, 1, 1
USA, http://allegro.pl, 0, 1, 1, 1, 1
USA, http://santander.co.uk, 0, 0, 1, 1, 1
USA, http://taobao.com, 1, 0, 1, 1, 1
USA, http://accuweather.com, 0, 0, 1, 0, 1
USA, http://odnoklassniki.ru, 1, 1, 1, 1, 1
USA, http://charter.net, 1, 0, 1, 0, 1
USA, http://izlesene.com, 0, 1, 1, 0, 1
USA, http://ebay.ca, 0, 1, 1, 0, 1
USA, http://rediff.com, 0, 1, 1, 1, 1
USA, http://office.microsoft.com, 1, 1, 1, 1, 1
USA, http://wattpad.com, 1, 1, 1, 1, 1
USA, http://siteadvisor.com, 0, 0, 1, 0, 1
USA, http://autos.msn.com, 1, 1, 0, 1, 1
USA, http://eastmoney.com, 0, 0, 0, 1, 1
USA, http://priceline.com, 0, 1, 1, 0, 1
USA, http://overstock.com, 0, 0, 1, 0, 1
USA, http://autotrader.com, 1, 0, 1, 0, 1
USA, http://toysrus.com, 0, 0, 1, 0, 1
USA, http://startpagina.nl, 0, 1, 1, 1, 1
USA, http://att.com, 0, 0, 0, 0, 1
USA, http://foxsports.com, 0, 0, 1, 1, 1
USA, http://gumtree.com.au, 0, 1, 1, 1, 1
USA, http://vg.no, 0, 0, 1, 1, 1
USA, http://bluewin.ch, 0, 1, 1, 1, 1
USA, http://houzz.com, 1, 0, 1, 1, 1
USA, http://delfi.lt, 1, 1, 1, 1, 1
USA, http://windstream.net, 0, 1, 1, 1, 1
USA, http://love.mail.ru, 0, 0, 1, 0, 1
USA, http://mamba.ru, 1, 0, 1, 0, 1
USA, http://gamer.com.tw, 0, 0, 1, 1, 1
USA, http://8-d.com, 0, 1, 1, 1, 1
USA, http://gmx.net, 0, 0, 1, 1, 1
USA, http://yoox.com, 0, 0, 1, 1, 1
USA, http://news.mail.ru, 0, 1, 1, 1, 1
USA, http://yandex.com.tr, 0, 1, 1, 1, 1
USA, http://cdiscount.com, 0, 1, 1, 1, 1
USA, http://centurylink.net, 1, 0, 1, 0, 1
USA, http://walla.co.il, 0, 0, 1, 0, 1
USA, http://sabah.com.tr, 1, 0, 1, 1, 1
USA, http://spiegel.de, 0, 1, 1, 0, 1
USA, http://hln.be, 0, 0, 1, 1, 1
USA, http://tieba.baidu.com, 1, 0, 1, 0, 1
USA, http://mail.ru, 0, 0, 1, 1, 1
USA, http://windows.microsoft.com, 1, 0, 0, 0, 0
USA, http://windows.com, 1, 1, 0, 0, 0
USA, http://deviantart.com, 0, 0, 1, 0, 1
USA, http://nl.msn.com, 1, 1, 0, 1, 1
USA, http://onet.pl, 1, 1, 1, 1, 1
USA, http://mlb.com, 0, 0, 1, 1, 1
USA, http://web.de, 0, 0, 1, 1, 1
USA, http://booking.com, 0, 0, 1, 0, 1
USA, http://rakuten.co.jp, 0, 0, 1, 0, 1
USA, http://coupang.com, 0, 1, 0, 1, 1
USA, http://haber7.com, 1, 1, 1, 1, 1
USA, http://amazonaws.com, 0, 1, 0, 1, 1
USA, http://in.msn.com, 1, 1, 0, 1, 1
USA, http://prodigy.msn.com, 1, 1, 1, 1, 1
USA, http://bt.dk, 0, 0, 1, 1, 1
USA, http://healthyliving.msn.com, 1, 1, 0, 1, 1
USA, http://fr.msn.com, 1, 1, 0, 1, 1
USA, http://es.msn.com, 1, 1, 0, 1, 1
USA, http://it.msn.com, 1, 1, 0, 1, 1
USA, http://boursorama.com, 0, 0, 1, 1, 1
USA, http://uk.msn.com, 1, 1, 0, 1, 1
USA, http://ca.msn.com, 1, 1, 0, 1, 1
USA, http://money.msn.com, 1, 1, 0, 1, 1
USA, http://aarp.org, 1, 1, 1, 0, 1
USA, http://yelp.com, 1, 0, 1, 1, 1
USA, http://br.msn.com, 1, 1, 0, 1, 1
USA, http://telegraaf.nl, 0, 1, 1, 0, 1
USA, http://kapaza.be, 1, 1, 1, 1, 1
USA, http://zol.com.cn, 0, 0, 1, 0, 1
USA, http://nu.nl, 0, 1, 1, 1, 1
USA, http://v.baidu.com, 1, 1, 1, 1, 1
USA, http://uol.com.br, 0, 1, 1, 1, 1
USA, http://pornhub.com, 0, 1, 1, 1, 1
USA, http://de.msn.com, 1, 1, 0, 1, 1
USA, http://huffingtonpost.com, 0, 1, 1, 1, 1
USA, http://dk.msn.com, 1, 1, 0, 1, 1
USA, http://se.msn.com, 1, 1, 0, 1, 1
USA, http://ar.msn.com, 1, 1, 0, 1, 1
USA, http://news.qq.com, 0, 0, 1, 0, 1
USA, http://walmart.com, 0, 1, 1, 0, 1
USA, http://iltalehti.fi, 0, 1, 1, 1, 1
